pinf;pcont;kk;cc
0.122551398057321;0.665484462711499;0.342381285492472;12.9707741746684
0.0937079719258701;0.586359540059855;0.227446034927802;12.9412051149803
0.11702073494007;0.632290242659832;0.387827101980144;10.656384622118
0.126127866553612;0.579018037845534;0.117844814316034;11.051992436024
0.168354984253906;0.72652735695059;0.257643558433602;10.635624347884
0.0827764760039215;0.462897457827233;0.263373027060459;10.6548379679213
0.159186925135498;0.591356704509613;0.322186043000331;13.5152232008309
0.0829839821573006;0.533054753788899;0.257099534716157;12.1374736616786
0.121646627617448;0.640868082499716;0.307200744786381;13.5217215147464
0.0806828499586466;0.471540133481446;0.486221269294984;11.0190005467974
0.107920040869919;0.551201065858194;0.11942428883153;12.0361011168568
0.113788486806257;0.677847990561578;0.336506468566395;10.7637630575545
0.140228337186292;0.611338560636758;0.340474814218885;12.8298887174612
0.114181125074182;0.648291282999419;0.383177424078378;12.4225836996475
0.149140662369171;0.629880543636066;0.263897391680899;14.1653450536294
0.114500358472581;0.585469972405111;0.147327649576612;11.5508252682125
0.0352252613606179;0.591834889511508;0.355878356502368;12.0076688183869
0.0631853068700032;0.546507165262238;0.344469146135624;10.2400145995045
0.0625063015213659;0.568735922518902;0.296863133673194;13.4320994322951
0.0746098155996274;0.5590291807408;0.291790229920874;12.2395622107588
0.0651845482585174;0.601637893255431;0.270664530450544;13.1513476588754
0.0512239913179316;0.564960970811712;0.376425027251676;13.1714326495838
0.253348408949132;0.569870961024054;0.431663249591172;13.0555582424996
0.17262532571499;0.634227493114729;0.287257188470556;12.5482284811572
0.113395507084366;0.536007989055289;0.215888312476729;9.78152270593063
0.00881208115306707;0.598999709845853;0.257256859277819;11.4691175355836
0.0894343117665159;0.63313280953437;0.191735956054347;10.2830713554566
0.0374467680647723;0.578648313288566;0.379434960520679;14.5409723479013
0.147710380495858;0.546782774803937;0.189949883760444;11.8433191006301
0.10494507643929;0.660097650264994;0.356736262305675;11.4369594105484
0.119633892841423;0.631706318763225;0.306114055264273;10.818705796601
0.135044283254056;0.504462339035541;0.498080098609494;12.4963907330369
0.123534632001713;0.638773929652465;0.455125347798117;12.3124371515541
0.0867073354198416;0.605347089483262;0.17554305353325;12.7034470004584
0.0861135063353721;0.593623361059386;0.231107668872391;11.6764137163189
0.111203760771705;0.62292009563852;0.301823066519652;14.6211944343573
0.120243163735955;0.648081419578214;0.321784547639795;12.1757422152476
0.149772928502235;0.639307536876141;0.476243169506404;12.9480095118457
0.142047929401507;0.653440055572835;0.389400668448184;13.3346396314747
0.146321962713919;0.534566168951877;0.427009504655313;11.6818042067412
0.0107053205159235;0.590940689766743;0.402414757400749;12.5003285651545
0.125129102886132;0.631483260203973;0.255003579236014;10.8798964770952
0.178574223674176;0.625380480380687;0.436294477753133;12.1308876500675
0.07429560444102;0.633720070841315;0.356671585157321;13.4887858360293
0.168859920760269;0.626496470666891;0.310257844676196;8.52912894217635
0.145685883645562;0.586653920582187;0.174378332120817;11.6519612990311
0.0794033024528394;0.576444006735302;0.34296453120443;11.728868120441
0.109282826375495;0.578557067538875;0.498511806200107;12.4053234131694
0.0981157199835283;0.657047116998995;0.271604228019025;13.5884167906479
0.145000502226196;0.628809055914097;0.135111232303721;12.1719985162271
0.0452302750160079;0.587295314551131;0.0994964997562461;13.2148455829811
0.0694066968707924;0.547342364330663;0.280173855319186;11.7017708910521
0.0487185717547494;0.624295542940508;0.375339308570166;11.9704024638483
0.157217859105201;0.593764821442479;0.286517927252608;12.5288064654021
0.144045861088556;0.618578315863672;0.195750824386751;13.2669250388677
0.0836929974642054;0.533094498046203;0.425800171330227;13.9990035083538
0.168959958039412;0.657072531492856;0.251876486967696;10.2569868208594
0.129165835090379;0.716216945547875;0.442459290289481;10.2373790156233
0.173983108675592;0.534712176622608;0.205904048358267;13.0764028518904
0.132721299482467;0.643227672415546;0.0518530995254533;11.0916759276046
0.0732848022484726;0.624858798242424;0.286480398972156;13.3528062489732
0.108004926854551;0.670151535720055;0.223423404259296;12.7473841498274
0.172868959400846;0.684629649336655;0.214184047917545;12.8634005520428
0.131960290990802;0.533859909535661;0.207218669427285;12.1224870255772
0.131932063723947;0.585465812708754;0.473872304670672;12.2982367237457
0.0612683905229742;0.510128188497881;0.246257475161569;11.0818904307793
0.0354337957858808;0.612364471618284;0.116034602531075;13.2580051802796
0.0336607887473232;0.649224829677654;0.106374498194979;13.445744400854
0.125195630954054;0.662558283868639;0.181354459697631;11.8729207504838
0.12455936286497;0.55754534352234;0.432816766577842;11.3338685224149
0.0691196374475423;0.594188660081867;0.409078125694059;13.1759314290395
0.133233320240383;0.56029965529388;0.319379083610138;12.8702591593062
0.148500020205549;0.62359811479221;0.27165063307011;12.597661728893
0.00187160757433331;0.636483347559434;0.445074802967168;12.1283823973405
0.0654755696082514;0.650709387556611;0.22797136556153;10.8512598725709
0.0596114110179369;0.668619057767031;0.246330059819733;12.041119059342
0.0581086917342191;0.563641459706187;0.438944504014686;11.858903082114
0.0899398654260117;0.599030941196626;0.311401432958654;12.4776227921181
0.0156726941251298;0.561610588462242;0.34122607001099;11.9050947751533
0.0789743374228387;0.543756326701163;0.349878061041712;11.2433901823502
0.0886619196063997;0.473021554154362;0.305946135021521;13.7623852378363
0.185533468148381;0.599032580400589;0.340170625356815;10.9885053753318
0.193107642357632;0.518083093313053;0.196290087868613;11.456018090398
0.158019201355048;0.64558439886739;0.095595570641648;11.6269385369986
0.128686693768726;0.573208690959942;0.138683165113945;11.563611422577
0.136988885969675;0.651093881750232;0.178610537717649;14.5110972572843
0.081977074170043;0.640964588950569;0.373889815430667;12.8960938457662
0.0638907389866422;0.688374599541615;0.243968607187438;12.079931629714
0.0845119353695871;0.603456083796123;0.0664861780649349;12.2675799213107
0.0485137621218294;0.625996033562472;0.25448280946786;11.4684279991238
0.135052949839589;0.532442004660419;0.386055899481027;10.8840155048852
0.0517208597348035;0.584289003124116;0.34167260195642;10.8982360374613
0.0637919008056014;0.670943305565512;0.212055455365689;12.471019551578
0.0811874781522246;0.578349622889085;0.332340883760666;11.7209127998793
0.0909723798311036;0.652161864934011;0.342220108909753;12.5609369043644
0.174490594845495;0.488778942654493;0.137705235922296;13.3903595454421
0.10765606352597;0.57785968344423;0.147970284908255;11.813240704156
0.0786130721364557;0.519521002936336;0.242380049602536;13.7918522752359
0.204192095441937;0.533894378261761;0.446906445809507;12.3315105660384
0.12897889397125;0.590874728801751;0.442924084262536;10.0646186604136
0.148882862457744;0.583998652293151;0.362070075605207;12.4204579001588
0.116572288221193;0.598066901627107;0.282097670817686;12.6805734366098
0.116190809750622;0.605554775758634;0.269216113836451;11.9603426215343
0.014567985049105;0.564958509466275;0.373922118965937;9.99546916786099
0.0732258673406485;0.61836491090577;0.405753811423477;10.3366099396984
0.129471852764363;0.727479824560841;0.231315387041041;12.1821468077861
0.0629211682935419;0.672071668112279;0.398410748258587;11.7657133213179
0.0520031403096523;0.529077235036981;0.182224356085434;10.2618802354151
0.107682939525651;0.583772775912667;0.343413959159878;12.4799166513585
0.0952458461194252;0.545187126239003;0.224304821979543;12.2824800907203
0.0591980286345285;0.530457610147399;0.252138807165242;11.8600101859306
0.0952352485641535;0.62008893441538;0.36115944277682;12.706731706783
0.165249579750315;0.604284823414881;0.258717863733508;11.475004486243
0.0932006540017036;0.594190468097498;0.154084867345827;12.3542589632391
0.102117327329882;0.575895436129233;0.133539986342276;11.6683497014542
0.0499817492514001;0.691310626536943;0.345880313263024;12.9332018095591
0.0268344353779827;0.57346864570373;0.411620431798276;12.657834787681
0.161294830507215;0.565229338224096;0.486541749477211;12.5659244211292
0.0805536949573506;0.613445838849242;0.303525934407558;10.4930025808904
0.0905560493292703;0.553296518174095;0.328320520578674;12.3850078505352
0.155181851796669;0.621981190628971;0.420733326263849;11.0361133252803
0.139999820105543;0.596153944741169;0.223397612599873;10.8099167277058
0.1132258093688;0.563580474447229;0.315890298775661;13.1651223591456
0.151926772202252;0.571296544508431;0.370113004731205;11.5680182381009
0.108141805426747;0.55838230080932;0.303023984670146;11.7674367263209
0.0533398918791018;0.616788331298174;0.385126916643016;12.0042029205553
0.15390982226858;0.521287202688494;0.384687299365207;11.0673169402628
0.0726931725115415;0.567081550585153;0.278299236197541;11.0412689763494
0.127251891995988;0.52999191429245;0.23931546774914;10.4178966642011
0.0882980673183457;0.523545880055057;0.331290160691726;12.8728636061864
0.134030085018204;0.625903617614838;0.362836629724664;10.4727424050741
0.100191566910093;0.646656217309888;0.257243709750004;12.6953432885789
0.038275466364986;0.57239535283877;0.421549865899662;12.2841377775397
0.0664511242541423;0.593046400620608;0.278258347439422;11.6091946622734
0.0356896162973936;0.629774395507231;0.392868316335859;11.9067648696134
0.0592756543151616;0.625768912786736;0.378977751636218;12.3837052498937
0.0441856141928254;0.653480405935403;0.266763585862288;12.2352446520953
0.117473633503747;0.613546955306872;0.161552544407538;11.2539181507592
0.143911869886519;0.572763393985196;0.372245631696348;10.9788642819138
0.0723067574531541;0.671997101561336;0.346672709912418;11.5448694241221
0.0568311479583572;0.648561232777479;0.396777889241513;11.4663664119686
0.110016742544485;0.592362283972021;0.248305130977407;11.9872773717755
0.116063110951038;0.67749196389103;0.48599484948844;12.9930489794547
0.103136067626149;0.577473585992663;0.260971670725834;12.0191636819035
0.196884107188099;0.553500829490734;0.279925745573434;13.0577443323534
0.0728205313099984;0.591099580400022;0.250755693215894;13.3132323926203
0.095420784121575;0.646462379732532;0.175607335274603;12.7817735017677
0.165319270999761;0.558142272749086;0.147254955745002;11.0895680526136
0.184831849871787;0.649143904939663;0.159575860344839;12.5152381169445
0.0678938874598952;0.616106624282308;0.217674496969967;13.5882899547877
0.0110789967484054;0.612321516571474;0.168974863333198;12.8833013420646
0.0989189738175974;0.644676620663102;0.329807265092573;11.3732492540235
0.0466119431888178;0.533799550009399;0.421455425165734;12.902217297175
0.160872447681849;0.592656627949282;0.374550549995872;12.8843881260577
0.139397594081199;0.724489396046456;0.200480165324071;12.8698079508167
0.0674007865949318;0.589853133273228;0.146617601437913;11.5693980215293
0.196750328303743;0.588757249818892;0.385488136403125;12.8534606043428
0.180626453414393;0.616172768578944;0.359088613628963;10.9320834579051
0.0901578876050428;0.661233642981112;0.224302868473281;12.8099313597861
0.0743180036038049;0.587782494316716;0.207678301511681;11.427231517019
0.141254178436207;0.562278775485204;0.503844448679779;11.2081001912106
0.202198241063045;0.544233823784907;0.515038348703946;11.2792164416282
0.0814119171166547;0.640125995083819;0.5217325755402;11.7164504413458
0.0768982738411167;0.610895288528173;0.382410078493219;11.949709139782
0.0278659422906042;0.632254212308996;0.438823206082156;11.0006037275654
0.109499301625657;0.570542016547969;0.342413684645313;10.8844513137246
0.141417022728558;0.551734945352405;0.169933479442449;10.2984560780141
0.139942913569475;0.551747345322119;0.211628074724183;10.9338065796178
0.234587219067447;0.531920928396794;0.367480834960368;12.0404959248781
0.0925531612196925;0.723857402411942;0.19694549379768;14.5044812989789
0.138330847865765;0.635673077492094;0.274914806841;12.7330678799288
0.119180197802837;0.55107436120915;0.321556048916296;12.9300181513298
0.0440342509041011;0.483966486202729;0.293213318849689;11.4294014004164
0.134822083050029;0.6604096544514;0.372968254455978;14.2150966536089
0.181386053257402;0.593298429820494;0.460585021450144;12.4847124620847
0.0652124245514201;0.715249493953516;0.454104901463362;13.8848469689288
0.135611241725265;0.677169305933457;0.265507908463786;15.2633285919574
0.084624991647712;0.629862768065902;0.296350851323068;11.3954679074529
0.128019817238529;0.622840453143558;0.109945812242549;12.3543741185393
0.119132362270067;0.605190870741305;0.296794928891559;12.5046459867684
0.129839634877786;0.568407468699475;0.394188488221127;11.9373936808255
0.115605685754974;0.505422838985643;0.177177113799969;12.3988264204836
0.107004447918513;0.614194293332572;0.220894336710449;13.2822301017644
0.18061108581493;0.622896092288467;0.207551955349313;10.8252321089515
0.101743027801326;0.558795191304817;0.185037128126257;11.689293356361
0.0554747548357778;0.618176686681208;0.238948242534966;13.9151138102641
0.124038222557494;0.618552355563627;0.119034423984166;13.8000297669431
0.0731415734111247;0.579093335033227;0.311703712500344;12.9371021846545
0.147898592952684;0.554853371050303;0.162940533746113;11.98120410429
0.148596170636858;0.679152810226127;0.368817378733798;12.705052742153
0.0263688626072562;0.635798264489836;0.361735069789259;12.1847439001601
0.158612351790567;0.576447006810459;0.308235095599903;12.2044742438762
0.0517209584044405;0.63338835850943;0.343809480804846;11.6906560831335
0.0694832536479933;0.631174376943941;0.307318645738564;12.1800150266591
0.0515398752189786;0.624949444092025;0.293466078269574;12.5268294542924
0.167011336606939;0.561855437574316;0.291297853481507;8.93871984186558
0.139249056561252;0.663625816941373;0.229158762133201;12.1309711158863
0.142476004527279;0.574644996298621;0.308934978506202;12.6165781069098
0.0975075320361554;0.516464473211472;0.230866064632009;12.0403654885968
0.0663904040188464;0.609666790445045;0.356991091494388;9.68461357572095
0.0818125959712747;0.630642020755155;0.334349579917729;13.1190778400954
0.0533166313618928;0.667915317040153;0.304384349049134;10.8648727476401
0.13691650373853;0.55825808865309;0.289489397336723;11.094788353262
0.0796179236840493;0.548625697686155;0.437009086479341;12.4605573125412
0.038990861499414;0.58561535987963;0.412504689645011;9.74511744729915
0.103393713844271;0.664020226060242;0.285913531955404;12.2281868859449
0.0604770128906569;0.58707678596332;0.365789221883402;12.0610496084014
0.192588562082292;0.511747983209633;0.13396552687246;10.1645570372152
0.00801530491775466;0.56546407696192;0.280959358116229;11.7382579594407
0.0466175616527983;0.600949902148083;0.395708499816776;10.9105761901474
0.157921670642429;0.6002829151041;0.262425366053251;13.2896664787712
0.160420819998047;0.640107815129935;0.359169728471996;10.9950483606958
0.0632989883655843;0.629830413814059;0.306324700115681;12.3440754362776
0.117047179177882;0.55226131847279;0.352557343384262;11.441264100283
0.0252867512603634;0.649166249320296;0.506321944187004;12.6826366879405
0.0766183678004719;0.570353306097893;0.192138144790053;11.028502911407
0.071802113499942;0.546336173765689;0.390011604247805;12.5111359894046
0.0743461616264399;0.599463364782952;0.171887341662248;12.735989711261
0.148021325564027;0.593965007694036;0.334172913036831;13.0388346069569
0.132546779357406;0.610611316205125;0.328247026414349;11.0283238530055
0.159536834369946;0.582883556205891;0.303487454228534;11.2534189601173
0.176881882978314;0.578023806121757;0.226199104523609;11.8337905449103
0.0455791222372872;0.617999300830868;0.38550453683885;11.7521755315168
0.100302706027607;0.586976271225059;0.20809732193676;12.1147393315093
0.0477100080555707;0.641083233868074;0.390513518817457;10.5337094796097
0.0842142733845443;0.621115006451225;0.21589948646385;11.6698002981179
0.0991087746469933;0.720247923310825;0.208438149174681;13.3183212187077
0.1954747985799;0.535753966040941;0.171938460813181;12.860727108943
0.126196599891784;0.6256997046839;0.240053047715457;12.9180333983626
0.135021658866487;0.553523694686867;0.0778180025609198;10.3113201203187
0.234619580721646;0.599239456611754;0.34755571424075;13.1911485330557
0.0650444069478345;0.682046938543553;0.272570300352852;10.8288364080537
0.0999940869800472;0.599569763393121;0.268904391514492;13.5913366970267
0.118838549516311;0.580522205021032;0.242758765565375;11.7267679762567
0.138773583743976;0.573840033691421;0.332465473201458;11.1611535091219
0.0875213113251634;0.576753958481308;0.270842127811532;12.2111436019808
0.129217970961081;0.565959601498926;0.246274380932761;13.142867340132
0.0955344579789641;0.54503522277606;0.219573258536262;11.6659408486594
0.163435756608578;0.596223715333116;0.403510382864394;11.5663980377709
0.0843008782239643;0.552691355103717;0.223392876795308;12.216758091791
0.223861287790109;0.583957305459287;0.296695983828707;13.5192743072424
0.0442134600958044;0.669284214785369;0.20469451312111;12.9422547384118
0.161041489801317;0.617753725945651;0.334102843211062;12.1783038257953
0.0442976334088846;0.603637705993478;0.337829203771706;11.4169540479966
0.119944690807846;0.62798826462598;0.229257343959278;11.8940631727076
0.10056266290946;0.561538321818524;0.174882970341644;12.836659100239
0.0458454499153946;0.578737830881908;0.277388988131453;13.8053498269153
0.154876226062452;0.543795499769867;0.318761910925862;11.6104543345937
0.127171532378687;0.713138775523669;0.0441822179394998;12.399978605803
0.124829749695375;0.603705816817295;0.324283422517895;10.8521591710002
0.142385683312926;0.585398263336558;0.248859582454054;11.1212336663893
0.0599062652751688;0.565328526124726;0.471008231156521;12.0185720501773
0.137349870163935;0.588211914405521;0.27697095012765;10.9510919419794
0.0894418460975961;0.559256032533473;0.348017624500171;11.1102384300004
0.14019689451156;0.613032174293045;0.183195766855157;11.9678776026703
0.121615881083932;0.691468136629237;0.358452824786451;10.3106481467877
0.10792373199718;0.609372402863231;0.256816753294676;12.0757714510578
0.121592949122254;0.668409298916444;0.249916333619608;11.2793081852699
0.117465756319998;0.585107556802343;0.297693356546548;14.6225498461059
0.130701947282219;0.643562050040873;0.2501127104237;11.6834319056892
0.092813151827571;0.626813293434826;0.290432847780196;11.6898425396054
0.0109445094956583;0.615528524416282;0.168028667375542;13.1941042613595
0.0387964179117175;0.642186860001636;0.00657013879721807;12.3700564570114
0.0781803287911802;0.536148060996237;0.372436549583811;12.1888268239513
0.121136551355504;0.68130350450731;0.343284321898759;12.9046998361944
0.0628622774155527;0.627278426410717;0.318721636782727;11.9692899662933
0.0878243601267912;0.602030753561663;0.201050231139607;12.825787400154
0.165991548442561;0.539419202456426;0.404765356819653;12.813672997123
0.121855800175925;0.654104251101644;0.466984067877815;11.8094155809063
0.124960261301191;0.609264065389343;0.336548636460459;11.0671115681544
0.0299664864187458;0.576925819922518;0.274672297713163;12.528041040519
0.0258370131842243;0.576790828720473;0.148611781272787;11.6663678755543
0.121902774467327;0.551997201300032;0.491302860670672;11.5819310179346
0.0422074954442059;0.640905900516603;0.226911873321808;11.5657638799999
0.0930204580610871;0.605551232810159;0.373299691148003;11.2961973150559
0.0606147116577928;0.623423600790243;0.335583643396613;12.8223320077645
0.117749523047684;0.628509899905097;0.358682707345335;13.0130707171446
0.0650725672872127;0.586800064428305;0.250002724558811;11.2275864654608
0.146306409841098;0.589232911920479;0.27595987468828;12.9188814921115
0.0778507767577245;0.653059811684356;0.236816197179872;10.5021655453768
0.172312916804556;0.666231757928577;0.284002531145518;12.9935359162084
0.0885349405913628;0.614876431346273;0.357817113573619;11.6445003817066
0.0726178105392238;0.613637100057273;0.144579663534675;12.0764673502197
0.0831742029464389;0.600096487871397;0.293243781904512;12.6970557096108
0.0500891710809793;0.589755473783004;0.412184316513015;9.8110289206764
0.0431399003373811;0.649248371943753;0.132298588915277;8.89110444365619
0.10065363091454;0.580271642981281;0.331087330903605;10.7867916388999
0.114842368112467;0.55853799491037;0.363991440328798;12.2277095310456
0.045488531380978;0.615487126066506;0.403243175699022;13.0464162268746
0.100348732091491;0.64694590723462;0.36424587783024;13.7073352263565
0.15822546819793;0.605641242659583;0.377957926585298;11.5974900893294
0.0292322248518967;0.635136594195293;0.39161044423506;13.247335337381
0.22134774716486;0.580912162619577;0.341029832085298;11.514530924886
0.0841762377636205;0.625400555487052;0.286474327929132;12.341090130254
0.154946277465514;0.588320473683929;0.136185550317454;13.6953944413407
0.129631642687373;0.570878869736812;0.350245436911115;11.9420118893894
0.0561634468889092;0.581758342952968;0.408932181178301;13.526420355487
0.0819240053473829;0.545637510565708;0.234085444052609;11.811333740051
0.164264554018415;0.581597916472973;0.107899473762757;12.4711311229841
0.0891276694974281;0.609104684747425;0.469226455009282;13.5276908025415
0.111660189282473;0.634328033921517;0.379844344715068;10.6198382197566
0.10513884777432;0.599536599745861;0.395534414345354;14.2886643262252
0.10021607467111;0.622245691168729;0.440358320493658;12.3086620177487
0.128824473553731;0.669262996367261;0.410175210347437;11.4756941885643
0.155328355437802;0.545549804650616;0.357737073076974;12.246822203654
0.104362328739932;0.534463944766954;0.170631365735399;11.6815264190331
0.133254218686449;0.540251746763698;0.181354244204236;12.1032924306007
0.0913097692542374;0.691300802021933;0.0469052322510409;11.6703134927939
0.0813164419199518;0.625684306655878;0.294865673248153;12.9672326560315
0.17902866474978;0.565207364664835;0.255844435271672;10.9847372186808
0.1166502600204;0.702830722920902;0.288670285303078;11.4762847950796
0.0261093207505325;0.668059338338756;0.34877511377044;11.5696752465942
0.197602619143253;0.650940399474759;0.313132642974909;11.6737055007074
0.133913572701842;0.639099769646898;0.293648767333276;13.0808750996849
0.0756720398544825;0.606990160036852;0.581838305903017;12.7867991078481
0.148045430191913;0.593315176571406;0.313104308831549;13.1702154890204
0.132410374329069;0.644982716135743;0.0997818278377675;11.2045989427785
0.0866131178532551;0.562491858830969;0.208604915137324;12.2722241080021
0.122614191364242;0.595490035285452;0.355072867794304;13.5874145630944
0.0919426603363795;0.500387566063694;0.586979294782716;11.3382580079802
0.0643751608785246;0.561533060797019;0.389514897560999;11.882787727809
0.143282091280787;0.569740516641775;0.481094443896038;11.4395969563428
0.176588287778093;0.585011699593937;0.305359761470587;11.3335442290674
0.0184111676776211;0.581583863540362;0.302077516680432;12.2087591976829
0.0826758539141406;0.569163859085712;0.313783539590237;11.8762956135005
0.0761871964237511;0.560210226280987;0.353415123492736;12.9610159691653
0.0747646463652475;0.565597407401077;0.320917600710046;14.135283896705
0.117764716483175;0.667317093933822;0.426612046023943;11.7001220888175
0.111411947997196;0.618157442200865;0.219451355860882;13.2128138691765
0.154545321511799;0.595002997031395;0.266369579232649;11.5171887433123
0.0582529764750128;0.575476004477947;0.152949447029068;11.8891795003076
0.123869378385607;0.573216067360575;0.31617156977425;11.8670377884008
0.0669484704621159;0.641195776524755;0.322431217587096;13.2299983642879
0.159927303986969;0.519354988555782;0.363206977617078;10.7455921036264
0.0957336247536786;0.554077528469034;0.400454964655452;10.5456171104052
0.153528566089268;0.678130348744363;0.257707854304684;11.6486013905491
0.119331246444492;0.635170145488887;0.293316529669207;12.0818882107214
0.0451174660824838;0.609868118305096;0.217578104217769;11.6699624718662
0.088822706442833;0.596505512100319;0.150745740564774;11.7871537232465
0.209635559745783;0.625745501615532;0.370240067214803;12.4999201765983
0.103592018457983;0.504349072759109;0.446390643623075;12.0684067335466
0.12939666720086;0.565528333225865;0.424025707984916;13.0751479164877
0.0730822863112865;0.497627593545421;0.345978205171127;10.7574922646555
0.112126766116434;0.515962348930334;0.201834840801884;11.3737021215096
0.130635842272159;0.638701991683288;0.331187475118884;11.3221970279183
0.242316054033783;0.592816624404126;0.415423604329502;11.7996421105148
0.0788936016633559;0.610802722344461;0.264420549472744;13.3674555800844
0.141704406183684;0.613788421449652;0.242444662262791;9.6601750497427
0.144362127349414;0.557715492577951;0.327759753623649;13.7655988507477
0.111338004870372;0.638148456788048;0.268968338047453;12.5587616069198
0.0684399999121396;0.614981859069626;0.277816258185134;10.9548323914839
0.099004655665532;0.674108581961152;0.425920436955661;10.2485918524415
0.115261188536418;0.537608851126238;0.369912233965818;11.0999514756971
0.0255602961991409;0.693971993920336;0.392315541722083;11.6560193797321
0.127710351731074;0.533012746932918;0.143947676663847;12.1713431726563
0.145613530658092;0.59120281378486;0.303697875337922;12.3063794415108
0.047040547708443;0.593216185018175;0.129005770645204;11.6159882249636
0.066372485634721;0.573483755455224;0.294895354087458;10.581750371196
0.0486054021587776;0.544196118143626;0.441304859284345;11.4903371733564
0.123411003141862;0.564598628436355;0.343971055755724;13.859560930801
0.112008080140294;0.565105310721653;0.489522174441954;10.6204520961602
0.19217276558785;0.587497211589637;0.353796136256668;11.1065962437992
0.132471231994459;0.680510984957133;0.324924072689201;10.5133043660918
0.165631646245362;0.625078179492137;0.221957042569391;10.7932987538649
0.13035990156006;0.602470309896855;0.43380846297248;12.6825310364538
0.0340305372513244;0.61402483407438;0.399388693587409;10.3585274154568
0.106418264491455;0.583038545811847;0.297758399642636;12.9057904247223
0.0639840337994042;0.633270888972454;0.296655920164481;10.8449629377498
0.190986091784645;0.598836824190436;0.270052946528095;10.8279003890246
0.126935486334286;0.644189572261865;0.39390108124386;13.2714432590037
0.162552398593729;0.615690020382027;0.329409051043881;10.4691101889979
0.110698467433475;0.678885839133128;0.264376854444654;12.912773686987
0.171294734810198;0.616357853520732;0.304292417404629;11.3650987300093
0.0546545073749205;0.56837878690476;0.330439776072524;12.1051548755524
0.116573133305514;0.675609701723146;0.462846772894138;12.1038611639369
0.125634964886675;0.662940870117495;0.279929754366895;12.8559990685873
0.0523601981707521;0.686228536020606;0.041952554292641;14.1641172282001
0.0392383089371483;0.538047830541919;0.148428220050979;12.1088170680406
0.0957840479954442;0.43344321470265;0.260540001878399;12.0774704106517
0.0743851764946382;0.561512392478698;0.16725188617098;11.2865242040873
0.140172940014565;0.579773552150049;0.256724114014963;11.5926002523927
0.0976317028483887;0.49817733804457;0.323728858653421;11.5063714900274
0.135680447076339;0.594986284701613;0.230859134575256;13.1429573971634
0.126300647661935;0.519895530916017;0.182117752372499;11.5832366357541
0.0576634878252177;0.491293032336182;0.432981018122839;10.8504970127503
0.138941197212114;0.583164446840518;0.388610850767108;10.9518146718921
0.0472336429321853;0.620300652684172;0.367183212353229;10.4992899020752
0.0719129271963189;0.560230418610844;0.236969954801543;11.7845704322064
0.0740757434934459;0.629117278327498;0.0603928301107599;12.5453698314379
0.109056633883188;0.722093555083258;0.202952810318848;10.2734208516502
0.116563439457841;0.608660483503975;0.382362958220679;12.9764658803517
0.0459783262692314;0.616842086862393;0.367721925493135;13.1645907150452
0.120462936304062;0.497710097844742;0.326510953590331;12.2115375383803
0.0855221224133911;0.565550700463942;0.269597911219754;13.2026100287078
0.0681453610451694;0.621908889934647;0.330375705645881;12.2213080071758
0.145132472877195;0.684920090050415;0.377542708365333;12.4773480404783
0.158240099656782;0.61591400497237;0.341847132122323;11.8976745858729
0.106151505826004;0.575375709888454;0.3743472550596;12.6402331568568
0.0819981516242681;0.590129792432248;0.335758032786373;12.6613045622007
0.0669937002507993;0.6047620671366;0.264234558441349;12.4842102210203
0.055176189541008;0.637848004046699;0.342020255372138;11.2699301196501
0.14252131396819;0.668711455809267;0.374286499152543;13.165308548654
0.065852478227802;0.596119852374911;0.228957246200636;12.2433097213083
0.090606150221599;0.610120084852077;0.310694962602104;11.6404955671779
0.036526267412161;0.570859434062471;0.371983745688934;11.9135839561209
0.129830597338376;0.551093847423663;0.273572585307271;11.262928408084
0.0501995114212551;0.621191364983971;0.223242732575144;12.0193962610696
0.144192356565612;0.430425896861914;0.200936380145153;12.4156813737137
0.0738033755630751;0.643282097965657;0.461801407537124;12.0938847290388
0.164415817326393;0.67131799044794;0.0440896228931782;13.1492996634296
0.139782719104188;0.63303906524888;0.350932273918802;11.546029288759
0.143886951661076;0.66058338827094;0.370786004150699;12.1069723948917
0.0587046756575469;0.581716369470495;0.282168104613529;11.8292676575085
0.0732526464303469;0.585166476599265;0.279403240430324;10.624033525619
0.0936368513396562;0.602380571652273;0.142126468557143;13.7041577520227
0.115771786863552;0.565112505792499;0.448735666775775;11.8851905182199
0.0721375594242456;0.626103832153191;0.294413345348083;12.99689258385
0.0361270503610518;0.659648536497617;0.236158655440595;12.1076543800869
0.0645247717087761;0.593258881705757;0.393181158779913;11.4788143758306
0.0878043622633725;0.663455419830428;0.233619450960756;12.141519403632
0.0699003751665507;0.643012982335614;0.117577281301023;12.1664576708183
0.0298092159178622;0.606635452556886;0.26118241579132;11.3557610281845
0.128263644184358;0.688113024313387;0.0786375262073154;12.6439745849892
0.175750127131909;0.64190666786592;0.404705539274111;12.1661252674848
0.109711557264817;0.507367370727246;0.419378945745254;11.8908898148676
0.035943121699425;0.599035927417835;0.392060559257037;13.0400474105709
0.154595887544997;0.639119819323582;0.428975054251797;13.8571238573924
0.157535610998789;0.498680523202394;0.26577146158356;9.9633622066322
0.0814223084237884;0.549719776381805;0.260478360979975;11.3309746742748
0.0994718403856294;0.658464157531244;0.185139342278112;11.691523790536
0.130582295459993;0.590134783711331;0.296632207360341;12.0837401885809
0.115475212090063;0.614125588418705;0.486063906989703;11.2004706686415
0.159802186591766;0.630304908091044;0.147047178560483;11.4388836622485
0.00782393728392901;0.703694107559998;0.414408236104403;12.9465620689579
0.110727479784145;0.682105553845021;0.364358437243195;11.320411920875
0.0402915910062385;0.57053102542321;0.246227458073585;11.8874508123502
0.106503819141501;0.615425606247716;0.201470177839285;11.7610113480381
0.0458055928162885;0.602635116493658;0.341860829704177;12.0177098700993
0.117639884359467;0.642862146683971;0.357372920314012;9.83061823690975
0.0275034483693463;0.563811127912017;0.504340871366084;10.1741799784842
0.0991014420083999;0.614379529215982;0.307565103730287;11.9608950275683
0.133858140353652;0.686277514073117;0.210050101716678;11.6718613751639
0.0998791641250752;0.599719329184018;0.285398600286161;12.6811135105074
0.0356089895249656;0.570008536078355;0.300788590496234;12.7804511013308
0.112765469234756;0.586796228595262;0.281869684139747;14.2505237668484
0.0621975512929741;0.620763021019093;0.282352719231778;13.1582017055902
0.091010685468555;0.575359660172116;0.42066542966182;12.7338952353729
0.154068917935024;0.644777335011962;0.455768547713104;13.0759803032864
0.150603182677293;0.632399872535356;0.373734386272482;11.9681724850922
0.000340131559698115;0.598116809934483;0.24428911339606;14.3133448197424
0.0446440869035149;0.660431945430938;0.10556008795908;11.9354003466967
0.0568640333279317;0.556172050224664;0.395959236784387;12.0556682268804
0.106720699230505;0.633570689916596;0.382224701348248;11.7212934766581
0.0888529448063819;0.632025587522043;0.43299210651918;11.1216462111366
0.0796628848088382;0.592711087807816;0.367131771978019;11.8237219926276
0.0822107862327399;0.630889186974679;0.244003487699629;12.8243577156717
0.114570795778423;0.656980495682804;0.0381947488258978;13.2782324737272
0.024145454979607;0.577119866539001;0.134488271528268;12.0959103687196
0.177789605336987;0.671542100609352;0.44429272471912;12.9701838439214
0.100015978409617;0.574210487503396;0.231585054662993;13.3588187252138
0.126844061382631;0.577436640729938;0.13387923920222;14.3036376849849
0.0528129562921052;0.625426111080177;0.385179167976366;10.8124577947574
0.0725389526237047;0.589733875808782;0.403373310077607;10.8748158511402
0.109749531907391;0.537866441621428;0.264807840986694;11.3166982507204
0.166260774804606;0.640271343522025;0.388195779772793;12.1805386875341
0.0779127388403072;0.59819520523205;0.0999404845658373;11.2114209782737
0.0520943763319857;0.672772525185263;0.145781260400788;11.9937486315595
0.174529572290377;0.585833006321197;0.477352981431803;10.466974995979
0.121627956445787;0.661735867001631;0.34365240032618;13.6479627208924
0.0568621573845206;0.622840658293415;0.329606588953344;11.2354364541304
0.0348891630234546;0.609790731774066;0.357417005820106;11.9352277917738
0.112004534463304;0.505547328227105;0.439942909970439;11.1886520315244
0.0960678677225974;0.592421164976997;0.297486967069152;11.868287126395
0.0483621778472231;0.578302609334451;0.245083147589183;10.8727464469759
0.0408821776128317;0.552134790909898;0.118173820251444;12.1303127222324
0.206862887121485;0.629376083326933;0.251438591733727;10.9333153545682
0.0564644542705131;0.711885072906285;0.271579745433721;10.8700757915678
0.099546394985942;0.743741997734524;0.359160604773641;11.1872446470014
0.118168533020315;0.612027089758768;0.376166292496875;11.7955561712071
0.0473422338428069;0.681042476427673;0.477085950042497;12.2274730291633
0.0718851505274228;0.519813751741318;0.447409491826459;12.5944812401743
0.0466435428308096;0.587240214875574;0.308024248418765;10.9212343319391
0.193531815660032;0.543363212447286;0.229932258689994;11.7811934349514
0.101151613793611;0.604056552527381;0.520591788526394;10.2177452124228
0.0979679880945447;0.612249187873376;0.411300954654444;10.5965821714805
0.0272272326365354;0.600867109663706;0.288993759276774;12.4329130317154
0.119450543510344;0.624938047457839;0.275688110882958;12.5065056129785
0.109237698601272;0.522097008362176;0.307789130569792;11.9208967376888
0.0611015549649773;0.650087030080841;0.383572737131522;11.5038756398264
0.136167886206475;0.625638691781431;0.325228278760188;11.2299935150174
0.0594066948364085;0.534496179476404;0.356386540977939;11.1770733910746
0.0153190269529181;0.606515300894884;0.220858291122961;13.1646861086177
0.115987688004459;0.601038904060813;0.178153689927349;11.5676413585774
0.0863024324998825;0.643297071819419;0.314135114430578;11.0161679651631
0.0510089454285517;0.59658037298451;0.158433802352329;12.785698065185
0.106016730414181;0.538521636092215;0.223654795510155;10.8744197262583
0.143156622772261;0.558852584342841;0.207922113650879;11.6350904567879
0.113109480254508;0.578171429355719;0.312077083086094;12.5364505760533
0.0387367492846063;0.534987709662283;0.109051187730072;12.0755695539142
0.134578122147106;0.737467318713454;0.475797360592346;12.6644440762563
0.069352956225034;0.628388634840193;0.300267164177986;12.6885909242963
0.202642286428016;0.640776905844566;0.340956082413993;12.2035368467593
0.186917767556012;0.574884197346738;0.439241098943053;11.5713768843739
0.129575403442298;0.587760412323083;0.435553001269352;10.3495205424009
0.102153411778717;0.635600474637439;0.471598205281327;12.0526482807643
0.157658386711757;0.550893458074158;0.314501913268396;10.4754748367717
0.175658939484216;0.61913035544259;0.393135832952049;12.6895762185721
0.0290060960472477;0.631433113643505;0.319161269249011;11.7829244361787
0.133973557273408;0.650085121849702;0.288178266440557;11.8184480823438
0.0948189194138453;0.564397497888087;0.292675835551903;12.6664417055311
0.117142933131602;0.648485175124796;0.413817116758856;10.8868102613768
0.107790996815659;0.567847624504373;0.295525687883675;11.7673521537043
0.0475588789737889;0.675480967036251;0.272303077374755;12.0180789087316
0.210185358047504;0.609944416251803;0.396507390761059;12.7831931739242
0.0393407983678622;0.559854811256856;0.357352473070604;10.8043957735906
0.0435562650552555;0.544029719497349;0.387052811719376;14.199235104634
0.0921401994819567;0.59850283677946;0.204503055687358;12.7927103800254
0.135927728295181;0.599565282523454;0.246110438861298;10.3502866515768
0.145493892080652;0.558802458546507;0.316816907428684;12.894381163978
0.0820094532875458;0.548627664351865;0.302547278673154;13.9165231085254
0.0042190714971026;0.594734814295627;0.339811721692685;13.0701241015159
0.0743223174653963;0.565526709685586;0.255668761618672;12.4843809440681
0.028926094936993;0.593134383497694;0.225533209802111;13.6827937387963
0.0988428913460191;0.630791328470228;0.246460724823097;12.527964725666
0.120613821357339;0.633104509450103;0.141227252258012;11.7962275291037
0.0512592602772856;0.604117128438443;0.272951412772804;13.1424169956806
0.0472138466965431;0.541677980565457;0.456429336853046;13.3468335753199
0.0751525541659186;0.601765821357624;0.312569264028783;12.0151981186292
0.115837596972939;0.607384364671718;0.314312811146117;12.5442987294531
0.0847689058319023;0.568208860729245;0.30880911978053;12.2292582843735
0.0613297082237717;0.619045625247475;0.291392766401534;12.3772396164444
0.123899913979086;0.548602394958972;0.455033918340905;11.5174917268907
0.132745452683669;0.669438777732771;0.127539353467192;14.5823966375378
0.148766614737984;0.555413411776262;0.410795513412938;10.4235517517837
0.103761043408352;0.588434812592795;0.161976167255068;11.5014471646315
0.0711398573871947;0.520757006066401;0.274012798868618;10.7260101079475
0.12011039506091;0.567095252003684;0.29360218206544;11.6725452376029
0.101538426014277;0.483644690052396;0.253695016875014;11.4509718973124
0.0924036745994422;0.612969336000195;0.347381160374922;12.759394155593
0.069054723518008;0.632894951518093;0.31584559512987;9.74086476812065
0.160394246907485;0.534062706983261;0.188668941364552;13.5147852412415
0.0828649082741182;0.567756648067754;0.293792723754757;12.4335962155879
0.129427996635237;0.555206594912096;0.378873192398781;12.6622444022214
0.0968589506967766;0.520425992026994;0.22368237283063;11.4192962770625
0.0803789373485939;0.579248991946309;0.323632389432716;11.2440028396654
0.169854313356111;0.665733818517724;0.452257664216266;11.9892510888853
0.0274826219822571;0.56854411919267;0.334400834717233;11.1032841235811
0.128058215340634;0.679560229548877;0.457944949601505;13.0678036753231
0.16308837617138;0.631212799720121;0.201032269803504;11.62336809898
0.0243882492512853;0.637539341190976;0.333719599929713;13.5116876356216
0.0713157356799279;0.561271883169029;0.452256265609319;12.31155743913
0.00625581816111129;0.589652873804482;0.442788254029922;12.7088571163259
0.158921372239367;0.543795658740981;0.280208803920428;12.3354493978364
0.160562214320668;0.552632742240123;0.100227902082411;11.1631468839594
0.0827306385135779;0.576185295779318;0.224414317970166;13.0009187235418
0.0603896240387565;0.599212563753064;0.290616813738267;11.2184231885341
0.125640166932932;0.530447897615025;0.33314451824731;12.2210191648344
0.165151221746474;0.633058782888229;0.341121551228226;12.652845973955
0.119172526483708;0.590212223385336;0.396222914965614;10.8102459467943
0.0196769061199564;0.5819844598395;0.481187492873336;11.4639695103301
0.0771378460246652;0.604562725772669;0.369913920252106;13.9877861777669
0.096501253083011;0.461289882611847;0.261194928752159;12.856666475632
0.169079752437988;0.609530056572825;0.266459217113913;11.8894269998481
0.0857988660331766;0.504358476625404;0.225265680136564;11.53732618204
0.111458573785797;0.674718172640261;0.210704186349091;12.4158979399557
0.0945454765046865;0.699646563124436;0.253952440230683;13.2820255054511
0.0675528660396927;0.676405084262989;0.256717138666039;11.5462324941044
0.0473649614859043;0.605893678237716;0.144214114095373;12.2513764133763
0.139868531943626;0.586792404462614;0.313045958257183;14.9663142057774
0.100890744975887;0.600242502025833;0.485212616423671;9.907308149068
0.0937738484604291;0.584424223761514;0.33582047598645;12.5606737029101
0.0413000741275271;0.674881393141788;0.192332376788018;11.8951753880742
0.0714198323901177;0.650890368792397;0.289871058508654;12.2119708984001
0.101195108155842;0.611401826425988;0.256641942792084;11.923049074569
0.0991630848419134;0.658111236030774;0.493442237883908;13.2514006336393
0.0629556392263909;0.619151951000525;0.303084935162487;12.0007075858787
0.0555469038598118;0.676143876998535;0.2645004042222;10.4621650661281
0.151347570728154;0.59315575590762;0.521916096801833;13.8662386003864
0.091322060059511;0.56520658915899;0.267070672594181;10.6746566799077
0.0131558610047084;0.606281736523964;0.246117670386138;12.2498359561642
0.131119824315463;0.537711808283299;0.514866750563947;12.112096191888
0.0570365767434433;0.575799385238587;0.408149358468679;11.6265721645629
0.0597528165771128;0.623573560082815;0.255948375906623;13.0179685469916
0.203848434501033;0.546176580481516;0.146243608059394;11.351391269246
0.0928471058962027;0.667255499427337;0.457633861366372;11.8472998276113
0.0501370833623057;0.563850642311765;0.194472102012909;12.006908483982
0.108537504329001;0.516737738215652;0.352614638072822;13.1111781768655
0.200633702375889;0.597328751664902;0.203748347636774;12.7461674199409
0.0716068882307193;0.588674681276566;0.456946701780076;11.5144929658708
0.060719515176827;0.598104950475873;0.368654189110594;13.2092928977346
0.0873331208348569;0.534543297825534;0.330989644446756;10.5628402377001
0.100679223385659;0.588481160778693;0.388673131187814;12.1619365244134
0.0983253649308626;0.499728270802579;0.376002919286974;11.1375511921828
0.148189850812634;0.662843517357501;0.172594910066701;12.1446324503053
0.0952291843647918;0.611156196459698;0.41161923956647;11.5153894629873
0.0831318010063824;0.630756351995299;0.380202221508288;13.5028691442608
0.11940765402635;0.590277355025618;0.388216051581776;11.7235150200443
0.172159773699494;0.593057019034547;0.223865957142345;12.0003895216668
0.224295988725929;0.58717075659184;0.459425130456507;12.0829689626802
0.165067272409125;0.620755692292056;0.177298993448416;11.9333770850845
0.171807748249612;0.622080912942111;0.273705387664325;12.2424443484313
0.0732433765039473;0.576012840952615;0.349360773580301;10.4352689571817
0.0265688957464974;0.575801387438282;0.355776733118639;12.1339824771086
0.165354025051289;0.556836609256107;0.27111345105306;11.0849628236855
0.123799634537137;0.534611997410823;0.135737814889542;12.4369908833146
0.198520338476056;0.563830757015288;0.279186103677516;12.0585990783566
0.101005556090311;0.603481510720096;0.437186597506367;14.2093329610845
0.0680565624247793;0.637639725076361;0.190176944270155;11.6621583037121
0.0968328281103953;0.599194461870825;0.29549308056169;11.1840987478682
0.160208087381997;0.609956742053571;0.306559032336054;13.3239419206089
0.156178871811407;0.622094216929192;0.244347365520336;12.2184327206794
0.165645539780626;0.641429446839753;0.258332857239662;11.3686801429076
0.0996009889467341;0.616858164612664;0.330606064374192;12.3128268468158
0.107470939494524;0.541832176938752;0.30273700039178;13.9752936730801
0.12098571801364;0.612325475495552;0.286901096459425;12.911905867794
0.0103940403283003;0.537585822426037;0.339814979575988;12.7482143772838
0.17436523627025;0.663629505476911;0.475340610989648;10.4045027784672
0.150973144894948;0.627579785987284;0.35219270660081;12.8338383207132
0.240804246354991;0.622765312753869;0.14803429841288;14.441211023937
0.143680315451591;0.565184969265007;0.211197457293468;13.9661856020693
0.0319140961036859;0.600584462638618;0.315810240045857;13.3686465140778
0.166135651639686;0.582440702664328;0.258532025255892;12.0983080791316
0.0800432276518328;0.589587901304986;0.259291851149396;12.428601462919
0.122087838413779;0.596065839881131;0.334636019372077;12.0165610666891
0.072762555343282;0.545499571117831;0.235785642296039;11.7819990759401
0.0424480022315518;0.541455109934099;0.316402791691974;12.3378047541821
0.0838347393888959;0.539997007504813;0.343197303881541;12.3350230418841
0.0678682872825366;0.516995281605596;0.241531893859561;13.5141799351609
0.0816009249952252;0.528634940683003;0.227684970210119;12.6485382615164
0.098169227163118;0.679516717579879;0.324889182120229;12.1190984766121
0.251685640479865;0.618482959259479;0.242928175573725;12.2180961230185
0.122454263741006;0.540278053295255;0.340007860232613;11.5015746088906
0.154044592433715;0.667687746373248;0.371913325813109;11.8359212448632
0.100818304238404;0.63705439303152;0.319660260108316;13.0309699898676
0.0500869314837694;0.53175137900789;0.253613862839618;12.6516740378037
0.0872603205884351;0.503357061991415;0.266475447550442;12.1664580736062
0.0983217485168885;0.516168614309389;0.325128136165502;12.445173152467
0.144380880411527;0.601681272778031;0.238911785241118;11.5601887468064
0.0333605940884588;0.640909222164475;0.369006297239648;11.6086823963719
0.0895580936289748;0.593677270606172;0.384643287861776;11.8606656598951
0.0483268533316169;0.577318779177657;0.161184815574805;12.959581433245
0.117673276139498;0.53638900116916;0.42770565088952;12.7939504724407
0.0374824074333101;0.625809683636199;0.378722636805064;12.351651181519
0.0719016194619541;0.588149936086662;0.247656465565186;11.777541599573
0.153613748012966;0.662332237466914;0.225371775966089;10.4853319966584
0.0448597732939661;0.631070384756036;0.202722752558267;12.8637631916165
0.153970778197807;0.602363751053275;0.329312301726895;12.00661828363
0.133637970504088;0.602123568489426;0.201203957430623;9.8755033802985
0.197951683022679;0.601548622619858;0.21461334457297;12.3313499710466
0.00479767949007831;0.620876163352828;0.409424458078169;11.5630546506121
0.115139243381852;0.591346069469822;0.1976072986193;12.9621025324987
0.132328059918364;0.656204270856234;0.326671573449216;11.5788576072574
0.0911899043542147;0.61933052633175;0.255514273551778;10.4154877165518
0.0562845601530128;0.629907905658412;0.217732273277618;12.4475067067043
0.11758476479183;0.573278952168815;0.196832879373374;11.0407174918406
0.134692892219379;0.623098464303082;0.283405235674527;12.3701492886834
0.0973053889823021;0.717888287064078;0.351276992656962;12.5400154373527
0.0273384118089159;0.615690571073908;0.374192521180541;10.7108086028603
0.0857288057400652;0.505338819995238;0.264732310091973;12.9268691616687
0.0860184700937317;0.515231953289188;0.277496676815337;12.5665190121306
0.104857882741845;0.568185407356044;0.444095872152269;13.5410541789077
0.0734719694921316;0.622575541931053;0.159066940865733;9.55533315378315
0.155963047944682;0.546002150181881;0.158876286272436;11.5367368634971
0.13601685398553;0.648309368107987;0.377260747940146;11.9082908271747
0.167571841344672;0.576637076493555;0.383245667999633;11.0552328504949
0.211591399647847;0.622164346202254;0.144853635193117;11.0131045706421
0.0941628815037066;0.602043484488859;0.301407926150264;11.2218587297472
0.183356419873617;0.526240398976306;0.3018238403105;11.5976432711318
0.0489649765041327;0.613041064957579;0.191145173679806;11.8078696865115
0.144680028027919;0.614289468450861;0.313166689797739;11.0593113138056
0.0925248003064539;0.573762578208001;0.46842558345416;11.4871226472787
0.0197170409580599;0.609954166529675;0.340155509540729;9.98390944809671
0.0456136911375477;0.530889578959046;0.247800185628199;11.5737634285066
0.0492721488043606;0.655081260048595;0.248738682370115;12.4312034038264
0.119759883970032;0.593943821988003;0.276761685021362;10.8663222206595
0.0619022863930958;0.603778076593895;0.550714709144252;13.4645410013166
0.143845570918767;0.603616580639186;0.476158269112542;12.7006418925844
0.128456032735089;0.588193378556865;0.281521311449624;12.4773412146769
0.0488781842034437;0.611152673466028;0.447051627437766;13.392699763647
0.14323995062184;0.521570776321232;0.368139552295402;12.5168730668232
0.146624769560206;0.625125076200997;0.312296863110066;12.5675111604967
0.125284221826647;0.620705996851941;0.341594255726214;9.96656984457411
0.0845225355885103;0.627588343675276;0.377463610865468;10.8804480805021
0.130744129545844;0.585242767241387;0.4868354039148;10.1397846618967
0.0180320144903228;0.583476264050892;0.316618564686406;12.2986021284871
0.0655966951554651;0.517772485908726;0.460956102259635;11.7390684439699
0.0915058921397373;0.609195117352235;0.443985591717451;13.3474529998648
0.016623368007945;0.499539499124101;0.408410675332023;11.2729280435224
0.0413691473807838;0.636951740256885;0.222445688788048;9.1549186640184
0.115649578080179;0.632441857050025;0.27559066478506;11.1031167900748
0.141691850720685;0.569572765123664;0.357133388751833;11.1382964211087
0.0993825090350035;0.651923369653943;0.437726350907189;14.3454345195208
0.121231927829154;0.540441833217249;0.267341343247923;11.049394423029
0.0910724902090735;0.585602750228862;0.450140214804977;12.61737047323
0.0201388358529089;0.60968554811896;0.385931657733948;11.8971085967015
0.132349739065295;0.642121763764399;0.296676161621057;12.2377901810012
0.182552022994174;0.615013375245784;0.225603104786326;13.1713651421037
0.0275481818133219;0.720022077027672;0.223182733198645;12.1381466342049
0.0540248620650786;0.521708236994958;0.350409016066267;13.8307217671808
0.139434192939896;0.568037100135343;0.459755154944071;11.7824051175072
0.115833649342881;0.57036546247497;0.24709911538714;11.8674684417719
0.114454537548215;0.64505676261996;0.288341646189967;12.3501452083329
0.158856232305656;0.546852722687487;0.266619991135612;11.271534801282
0.134483313308769;0.499515289748232;0.217947043673513;10.7369463920024
0.114428503063021;0.522722626033647;0.340388817020833;13.8771409505022
0.167704138523686;0.661889490280198;0.271817852368277;11.7548403604897
0.0538142842731431;0.595060009822465;0.286988168821295;10.5634729558839
0.138209360507704;0.589300977819766;0.3086273073845;11.7046688895048
0.0582585109302536;0.617262705056244;0.276931392383805;12.2566498820036
0.0952209622744381;0.593230679962852;0.203157658427905;11.7305322901318
0.17897705155179;0.676957186119069;0.235323595982399;11.1538713210263
0.0524316728753092;0.570970473974707;0.190526198001877;12.7040021307652
0.0262491241517639;0.539204189855101;0.194884531372343;12.35123194252
0.054932169181402;0.624452432034657;0.390615567348268;11.7126090979031
0.0399619273208878;0.547148105765245;0.110198850547204;10.5886382087354
0.0906841618758238;0.64519523377449;0.38035623078551;10.9769683978691
0.186469488761661;0.626913741891674;0.236725687426598;11.5669018607316
0.0606636760831923;0.639112623245192;0.308267752179565;11.2533661636533
0.094129266092593;0.605150151556802;0.416937396473815;11.4171181520873
0.12377670780934;0.563380575645644;0.232654411711079;12.3174360950081
0.125332841818596;0.600532945538695;0.265105371852942;12.1571189466066
0.0675407239644774;0.694298601567751;0.396952884067126;11.790979175955
0.000827893402988694;0.569232261047557;0.215883001195359;10.3995107624597
0.160701408412523;0.605072209261173;0.372996463054183;11.3757021532229
0.12275331237541;0.597560405488628;0.321637401460027;11.7828563833451
0.146947148710211;0.617026201134074;0.26379550111097;11.6843909900989
0.145931155696602;0.647897523830569;0.357357415481567;12.5880502709953
0.114462715048636;0.54564986398087;0.222571362298732;13.5595241487783
0.0612409362100982;0.694387098737238;0.359439415748366;11.5915961615529
0.100115390339095;0.678573639307138;0.403469246088344;12.160994077082
0.0975818699055206;0.601998889451915;0.140239863793231;12.7035412496617
0.0830233364479598;0.541989595777785;0.16469254490414;11.9689006319914
0.0991125949350611;0.493883460275048;0.403987571214747;12.3294447844954
0.124472437820088;0.616077852010931;0.247219134354476;11.7554664086338
0.098946064764323;0.547261434025287;0.549993125008014;12.3313293257293
0.165609849437736;0.567775583004505;0.171348366322313;11.5284402774893
0.100155193342615;0.590547582311998;0.0684721344187266;12.7432192809522
0.171045105342072;0.65083013226529;0.160666306655371;13.0548447692334
0.156980196746616;0.646972027103815;0.291883036262293;12.1569265154302
0.0750937798437535;0.660133719032272;0.294865454395262;12.0890043223557
0.10551255302549;0.579671608444637;0.21106408542363;11.9558894162129
0.0791893683669878;0.602097466872969;0.336184519737602;13.8620595695081
0.0616799743078801;0.561953871349166;0.323988066421507;11.4968138253449
0.134855581459394;0.53444270717216;0.260001867632134;12.6985734176415
0.183547941196026;0.586812529221358;0.361030463686103;12.5719096328369
0.0976721827963427;0.558909868555922;0.337684343669494;13.278806471132
0.0708223062294682;0.612137899912488;0.386268867012041;12.4068005984581
0.100953862884533;0.671795971282019;0.245498354845795;11.9294949025627
0.162821081043401;0.592206348626771;0.255755616836748;12.0507782053968
0.0792795721636449;0.617959782180879;0.364775762995387;12.4497850708631
0.123706235542644;0.533025761080022;0.397715847746381;11.497474633489
0.142328353712061;0.668097036382158;0.284052021596027;11.6526750316507
0.171794288773115;0.599086640613592;0.2004855292923;12.4514274761118
0.102960306893213;0.486262456591667;0.12461043034971;13.5598098361894
0.0347379600346424;0.620725637341112;0.248911878097957;11.7355794681893
0.189545726306797;0.535292966882402;0.155770452756194;12.0781496376976
0.115090741708505;0.543628458893044;0.480122290511999;10.7119754636711
0.106609503683025;0.636559578562566;0.251986021437871;11.5639607584849
0.0977286967520758;0.519066288809796;0.199594072217062;12.6244723403591
0.0409105441318317;0.58973530199546;0.162152723798015;12.0902522383627
0.119716546627927;0.585082621424959;0.280939770344398;12.6502361615122
0.0326025203184264;0.642275935999522;0.341448771129542;13.3448552426542
0.0230115151522855;0.593649664124371;0.368413834497761;15.0662425155366
0.105239104379663;0.644005205969756;0.354884592133256;13.5994459610838
0.0837878345354785;0.616804192157671;0.325722967365458;12.3951118472138
0.0601319720776703;0.592974397739449;0.391259787608523;12.2579771355907
0.0986807618860712;0.531839331347034;0.354767789243295;10.5587259345477
0.077041443999478;0.528163553539514;0.199091549902739;12.9895312055767
0.124037828127154;0.56561481456772;0.249479712329195;9.61292604694274
0.0534300047588351;0.614422103597816;0.320405525052906;12.1709944334547
0.109252728413552;0.553281886854678;0.11771123163685;11.5990342211993
0.103188345904121;0.603252971132101;0.257958674131305;11.9999757933318
0.125368614745512;0.521664575967698;0.146805793797496;12.6822956108456
0.0902369177162555;0.547072927425229;0.31234258978224;11.7813220335679
0.029385015943538;0.771720863528344;0.24492423286221;14.5679777760523
0.102275456386033;0.618429258193048;0.557488624317639;11.0931675990765
0.19099361101259;0.514940287837302;0.532635622652464;10.6919228476444
0.0908276391773426;0.584407107416287;0.254036694348549;12.0758374007213
0.0744769062874547;0.579503899496366;0.176503915913767;10.5016325763926
0.0796793232091771;0.617788491108286;0.229416412782387;12.1748938196426
0.0862469380544286;0.688573732738362;0.444946222987937;12.811741264425
0.124751022190069;0.677410319357184;0.345207696685886;9.99230936272824
0.137209667369083;0.526702540121462;0.33316610576423;13.3856600205898
0.1238386309598;0.681123218910431;0.149179433804355;11.6966004935007
0.124630933128761;0.609310939808329;0.212336209691649;12.3624452044683
0.12802154774001;0.565432880041206;0.433478518135953;13.6852365682993
0.128905124245057;0.585880305298112;0.176997038604753;12.2300003837491
0.134777356044339;0.599071081962525;0.312026238181968;11.1049529003169
0.059247215850913;0.656590035132066;0.312905643072189;12.6283289791541
0.000136652986557406;0.649311043144427;0.298460833448399;13.0647108944693
0.0546316865849471;0.565921480427369;0.144079771813763;13.3918348317
0.0908791692626561;0.637267962789348;0.218222891097009;11.0344035911981
0.114384728707148;0.693026866226483;0.0763522626530695;12.8158051136486
0.0786950114027479;0.615245638856793;0.372092418743627;12.0822549461311
0.133910199392141;0.615331795370288;0.33000941052487;13.4049080507331
0.115996336418185;0.564115250029674;0.390207854146273;12.2036155911933
0.0167744111614141;0.630180813476891;0.51289143801766;11.326934415618
0.090200293084511;0.617883637264354;0.282065910738216;12.602634278215
0.187003930248324;0.538693998897771;0.312838853124031;11.6463599300822
0.0241181659586726;0.593238260571351;0.350017672380147;13.8180679731695
0.0821536112949079;0.620763742451865;0.327885064566913;12.0349091665153
0.170140131429942;0.681019416203997;0.244124379336054;10.4124377413332
0.0866790910101916;0.547112808015616;0.233074110895227;12.3668227393447
0.150999432252045;0.630893484746075;0.286374221641578;11.8489590101806
0.0976954363298721;0.570356926269797;0.266745850765101;11.2083340679983
0.088585038871012;0.571439306098945;0.355185644499447;10.5104734175532
0.0785832799148521;0.678180932830875;0.337173393866982;13.2806016168479
0.172460137427264;0.640262440210544;0.0481704670487556;11.1033346158164
0.115113491314016;0.576246106263198;0.252802155361419;12.5417005904596
0.119643785155629;0.575860396145982;0.292175559353533;11.9162996256574
0.100123975615996;0.655964333449238;0.22846867625275;11.9596506919996
0.0220513397410831;0.697597782218447;0.137060507778449;13.8682920550009
0.112198558202404;0.675365498829208;0.279388808308983;11.5560557434881
0.0780960395827918;0.620105276950223;0.29012396609325;12.0972157433785
0.0825015967500432;0.520843575945459;0.32210060001973;13.569293773606
0.0876122945506448;0.472000585533581;0.328074649344405;11.6456788723109
0.0810799668937504;0.611172430525162;0.405992926600455;13.3068100597785
0.104937077647466;0.629239242090687;0.222134851946097;10.078293652829
0.272500061076741;0.631201596147369;0.266628193751212;12.0158694435233
0.106776515985268;0.646430153318263;0.151593445802581;12.8498415860956
0.0405534781800769;0.532370852001697;0.28360012488552;11.7208102247421
0.0677457982552146;0.481225808882096;0.2282772369502;12.1647578783523
0.0754131319321689;0.623813042604956;0.266302626293188;13.8732942381819
0.0832892406592785;0.587081818805352;0.266608581254996;13.1592535604626
0.139956906898689;0.596791096507805;0.13735473497237;12.6444526578448
0.138170377462276;0.606104391603201;0.238034369791059;11.2996045074614
0.051730288126415;0.614848682724073;0.194810482644605;11.1529599484123
0.0958811463779181;0.540892600330021;0.231652946357591;11.624431945791
0.120304616936463;0.579442060313942;0.335052927542455;12.2373911673145
0.13764392929523;0.518844374192569;0.416975756555589;11.1841015077565
0.102190570463596;0.63269873423938;0.274099736760652;11.3017819134405
0.0836396007514341;0.550524369580931;0.370170622281758;11.3630107438191
0.164641655671194;0.546455489016567;0.200581024045065;12.4890704632629
0.058732941938389;0.661231940376937;0.303080855146442;11.9714697714026
0.0996908224299791;0.574059894827762;0.490893500249372;8.7870321478097
0.0780865011588685;0.645632237116647;0.251715928300608;12.5753942691816
0.0639347868983705;0.559704853625561;0.2953723941439;12.6234247067968
0.0180045006951709;0.540107942077703;0.468898200706819;11.2350519934633
0.191944537895811;0.579653556036169;0.319943194126988;13.247764369844
0.129027441875689;0.636140371019722;0.169797546927753;11.8641034249669
0.0118883321946145;0.601334791454868;0.494141911874608;11.4276343278398
0.135172272089085;0.554799792689172;0.416501175075769;14.4076406734708
0.0455836399700034;0.608535901632475;0.328439038979652;12.2633934456995
0.185734420509815;0.597145547979563;0.327237068386597;12.0955837559752
0.091708827707633;0.588787762465101;0.440144665071198;12.1619032248637
0.186352161113617;0.580434915460112;0.429504813731572;11.3653394091253
0.0892444604907889;0.664871910688266;0.231555764799934;12.1236967435011
0.127101500671518;0.539793574687432;0.368571187891867;12.2787035802633
0.0670044064113419;0.617084515941417;0.28078728323324;11.9871428782045
0.0682528084023169;0.585105039335233;0.338375472799314;12.0512800210305
0.115615526315306;0.602136095276838;0.338027517092521;9.84200771977955
0.171318456880765;0.64827636478796;0.353541285144265;13.7273864001232
0.0847608163339559;0.682820677891191;0.196053803038293;11.0668212166505
0.0824256145093274;0.602542261765213;0.199926064541543;11.1922544232938
0.123137017387107;0.538180508779017;0.293192787899339;11.6853341267296
0.0421310049022099;0.557154479945941;0.512691014291246;12.1969178261444
0.142704009060541;0.56692870959479;0.274141388116309;12.2247070140042
0.135478698524362;0.564855469327112;0.411820246200504;12.8218493458354
0.199905415828015;0.585670845046808;0.0546265337349838;13.3578513995344
0.14840224792414;0.682079557700765;0.32121208917915;10.9762988657021
0.120594854770221;0.623346158261724;0.273874573845873;10.66018405103
0.117564732042443;0.630431127564946;0.332069480775325;12.465475283372
0.198508840717547;0.701580070036284;0.339093538184285;11.4590307263419
0.211338630077686;0.600027908760164;0.216509685799458;11.3976927329332
0.0513213425280047;0.61091761713475;0.39312314941912;11.2339468358799
0.168092216537939;0.62336045715217;0.203806832722508;13.2779842545682
0.111481705700355;0.614528156106475;0.216972984409745;12.0545506796255
0.197486224311888;0.673825868604063;0.278161465179184;12.6480834404759
0.175286304026892;0.554149239569972;0.414698657070247;11.3894091153489
0.126891788594505;0.68719344531064;0.404072157033476;11.724511865431
0.0803687720222072;0.653293422929877;0.300562255459996;12.1054480685617
0.0459064072711771;0.60279630772377;0.247528610619255;10.9507387123825
0.0807758041035411;0.657774893373781;0.221907906147685;13.3398290219577
0.0820294623409469;0.610672604674813;0.087089384708552;11.4937215763634
0.169657193898634;0.674220081602881;0.311680364831981;12.1224458730819
0.14078535951574;0.661594004076145;0.371365957352265;12.4275417329372
0.127254878769604;0.578151623773202;0.139679008726419;13.1367462602939
0.120004502242534;0.694287252676718;0.278444838182951;12.6440250291857
0.105979279371995;0.637235794020253;0.132948495509042;11.1859424773062
0.044262541237774;0.609137363747041;0.358049423765312;12.2720196553854
0.0803251506993067;0.558394443539054;0.214356815141416;10.2726362116102
0.120765710551392;0.685955372861412;0.289728733119845;13.2862061624985
0.0315743000994614;0.550625139777223;0.405753336816459;11.1240022796245
0.107907616865145;0.590877783071615;0.304219736276967;13.2573357993747
0.0537352527410394;0.599146636471615;0.352739376528438;11.920406981676
0.179331036606337;0.629480075474271;0.151635511555518;12.6980602130114
0.175901884523915;0.648498563047816;0.450457236310287;11.8289443565388
0.162839887301234;0.569489636941995;0.303479597775483;14.1073661729793
0.0986228439189324;0.589607554972668;0.199740903400554;11.4828501668996
0.130432864375656;0.733190328458191;0.242880014763753;11.5575018011478
0.0307062426414118;0.613859291631595;0.376332599618151;10.6733127581723
0.0454841356521498;0.709222227955346;0.0723382225987115;13.5465863027181
0.0966354146023072;0.493158995256108;0.342664078166381;11.3036534069306
0.111598423082107;0.602534877555451;0.367042100150288;10.1627894728943
0.216018499403227;0.561759063685317;0.0947343460192082;12.5926010811223
0.0903563531962767;0.524757356095082;0.329398380319208;10.9293640734225
0.091345319992848;0.612701245543225;0.260997444945094;12.9447666256458
0.0814237082757649;0.600960247057299;0.416027967412007;11.5086600093701
0.0650544635929676;0.614647200372414;0.384339151828168;11.5758959407842
0.0531847463201978;0.519887705111946;0.451599018664759;12.038479352654
0.169762012583386;0.544415951149153;0.147993878531668;11.7805629613514
0.174248197508936;0.709940940166288;0.344881668121543;10.7540449812172
0.0448338983722468;0.731314344734702;0.143414059812588;12.3824426764232
0.0804207683433055;0.608034888143089;0.190136612967237;10.823310081548
0.0454879249115998;0.647631760915017;0.416969655513674;11.7464687878407
0.0562262782548467;0.573498889034901;0.286513937941417;12.1378363599162
0.0420712704699774;0.573738676394406;0.244667444043309;10.6769308159547
0.0193791676073062;0.632339042275641;0.410485540045917;12.7271489905944
0.10759678710471;0.588429188087962;0.345359580024442;12.015217949142
0.0145860650271458;0.624372487028082;0.288242876579583;11.5941612394062
0.037562637349454;0.625176474161367;0.410774688494361;13.0981302079073
0.0868075450800095;0.57330373481924;0.418582612372092;13.0369760114056
0.0981020427352618;0.625597748464812;0.415251078216252;10.5711820368739
0.0582547741492077;0.633626269292825;0.468913568577464;12.5365019275683
0.0875070842606634;0.603841866445812;0.22007977117372;12.8968905168265
0.0919019754364659;0.61330651187807;0.316807191463943;11.1270376344207
0.0354751235458618;0.556365371608495;0.314016288358252;10.9929737561834
0.0888716370930124;0.652347090780817;0.286899108668052;14.1980469614039
0.208068026741405;0.530759257342464;0.45169978973771;12.5427715129398
0.149083217865587;0.629277352805685;0.305198142054525;12.0689620324586
0.126775434562329;0.59845590240864;0.240260854418287;12.8407438114349
0.069979623383213;0.740245457823337;0.182000806708417;11.529935130731
0.12250444354117;0.552915401885019;0.33694754993007;10.4783425655483
0.0872337151241528;0.679905951197297;0.414314430306764;11.6495174785448
0.158982539010789;0.535467999226146;0.106363169537007;10.86303522033
0.155339578267077;0.587216128024881;0.326212476094779;11.2672381555934
0.155530646823275;0.589793015165887;0.0639626793327308;11.2121134872972
0.0637226887975409;0.634995064964553;0.355754550595086;11.0298392052365
0.0522447184048821;0.668948756273055;0.293392239756376;12.9811032297833
0.0938655556188756;0.61205187661239;0.373041434139996;15.7383066542764
0.135608801330176;0.64150585092806;0.389712521614661;12.1602149764875
0.0922841403812618;0.590927059953017;0.190637733090585;12.7526765815136
0.146350789522705;0.620144774404162;0.390186943503832;11.9459173366362
0.0886156355135613;0.576717931308857;0.212729201802089;12.0152361864267
0.0067158076586651;0.663391302244793;0.301082283155852;12.2273691973536
0.0449540208709718;0.66266666460571;0.29520337448144;14.5520111558945
0.146282409887313;0.590237581658685;0.427201586923028;12.309405864614
0.133716205377636;0.612678673604768;0.331877735753355;12.322614240996
0.0817745636891435;0.656526702332186;0.357197417756228;11.5583293905976
0.126973843941976;0.620917872324126;0.316568987206875;13.2190059935977
0.131894463080083;0.659680316496656;0.589206700707594;11.7024917507812
0.0872503082076749;0.548847585474188;0.372433721566617;10.9998086373953
0.0304018420620852;0.522457979179856;0.172826115133532;12.9719170695177
0.069447893109282;0.549161264828598;0.294208220199806;10.8901439080324
0.136631312880232;0.572018691267544;0.350647604499733;9.37221978954868
0.240330145497112;0.578287984576063;0.263781587884787;11.5417140453474
0.0256034003311984;0.521100761356227;0.133590435195094;13.030809238595
0.113877817400352;0.577474147768467;0.28184052824754;11.3070643399748
0.00942968263667912;0.571950200806286;0.436121814038814;10.8907199001862
0.0917910293627961;0.5504119885055;0.519243209394414;11.8911938729491
0.103103848361987;0.643023145385788;0.258307862473938;12.4682105660523
0.061261831139819;0.559601005933488;0.181221085807516;10.9898441177933
0.100425853410064;0.581269386778714;0.341520855566646;12.4229636629231
0.0707548549090071;0.566882181354691;0.266188270889571;10.5693549664759
0.14933698759547;0.547822399192676;0.243139190011846;11.6610537958265
0.151865230487474;0.606560793845979;0.411895083596538;11.6142690544524
0.0418101692464553;0.600495175382728;0.233959812410528;12.5746612021868
0.0347063981010147;0.590749667462093;0.286896625386229;10.4416241369352
0.0454311542790976;0.6182542589041;0.310943491646913;10.7901249674209
0.117678852527293;0.654348444120585;0.247212112890691;12.1350102842044
0.162514996648632;0.613294174037416;0.467124236530168;10.6535930855839
0.0805725456310941;0.588634017814691;0.426696453853404;11.5483221227951
0.114123265980917;0.614688759420599;0.320637742083908;13.3909845893054
0.165682442627635;0.650355012064537;0.332715161788817;13.4643298370817
0.153101062379402;0.600378617157762;0.263337580608617;10.5308032578132
0.042806786457873;0.557887676133522;0.303239674088616;10.7673667221292
0.120802288073353;0.589692055542715;0.37934520184676;12.7025882798522
0.166008632100078;0.495607853267105;0.329836152171674;11.6558467700859
0.170945352843965;0.647110619479089;0.517478432503897;11.6540396625436
0.13105858206033;0.4895204508981;0.293020598592581;11.4209579042021
0.101552601025044;0.574322028011115;0.303953711357707;11.6649092795445
0.0519026884219108;0.557625881319085;0.328644652986886;11.7186895966616
0.0706779768253282;0.584060580529369;0.346101298583692;10.3991138813294
0.0181284007189947;0.600118489725549;0.3176007622514;12.9002627971614
0.0747612099885936;0.624200930175612;0.224338877562714;11.3054773746267
0.0733005397954527;0.581392904487575;0.351176275016228;11.6529140951468
0.0731643744606701;0.585074919257245;0.248106805051235;12.6030263419853
0.123130707216151;0.624564590294942;0.338894773990201;12.7674311373349
0.14241671510008;0.583298143930229;0.229585618253287;11.4288478939928
0.100479283354745;0.619132352956207;0.366462571911171;12.094052792507
0.0845555363079152;0.607730764860962;0.267836671657906;12.2072095502117
0.104496085798298;0.66687113876023;0.180220208432592;13.2149738125225
0.185870391856778;0.624081000856672;0.348576521050575;11.7837771278412
0.259954711797498;0.585548153144194;0.28442357990984;11.9018981265566
0.0258109400554412;0.551126380087269;0.344690951024592;11.4347703987
0.230815209688366;0.604408873277884;0.15027756295687;12.9096379378597
0.117774936426578;0.534489424773373;0.273486777508439;13.1776632595332
0.0572716180290894;0.552576641612641;0.311594606011377;12.4535836727139
0.0275115833685182;0.595598058836669;0.315264591835544;11.3733661999684
0.0833906719891887;0.640031085471098;0.315330998806968;12.6602334805844
0.132925805319191;0.592506500567449;0.496702346073791;11.7625016305374
0.110435483567728;0.689359572220849;0.437259676076927;12.2387336445892
0.0667822741055278;0.565910668993872;0.218555985289843;12.6633703898742
0.106850365940703;0.623984145981808;0.380736384770774;12.7736046172157
0.1401851823189;0.607976641111028;0.302051659888791;13.5604681266216
0.155234593591462;0.518128823472501;0.142703620165758;13.0924783645318
0.0888024873174733;0.61187000893775;0.341834980821402;13.2933839405898
0.0554977955494344;0.572978639199968;0.376564975655441;11.0588336719912
0.14319689807712;0.60303456727826;0.272443014131902;12.9564384314141
0.215601736952648;0.599288522995596;0.307264652679196;11.8446640793862
